index,date
1,20040723
2,20040625
3,20040415
4,20031226
5,20031017
6,20030912
7,20030908
8,20030905
9,20030822
10,20030808
11,20030805
12,20030804
13,20030728
14,20030714
15,20030708
16,20030707
17,20030618
18,20030617
19,20030609
20,20030508
21,20030505
22,20030403
23,20030325
24,20030324
25,20030310
26,20030204
27,20030106
28,20030102
29,20021206
30,20021205
31,20130404
32,20130403
33,20130402
34,20130401
35,20130329
36,20130328
37,20130327
38,20130326
39,20130325
40,20130322
41,20130321
42,20130320
43,20130319
44,20130318
45,20130315
46,20130314
47,20130313
48,20130312
49,20130311
50,20130308
51,20130307
52,20130306
53,20130305
54,20130304
55,20130301
56,20130228
57,20130227
58,20130226
59,20130225
60,20130222
61,20130221
62,20130220
63,20130219
64,20130218
65,20130215
66,20130214
67,20130213
68,20130212
69,20130211
70,20130208
71,20130207
72,20130206
73,20130205
74,20130204
75,20130201
76,20130131
77,20130130
78,20130129
79,20130128
80,20130125
81,20130124
82,20130123
83,20130122
84,20130121
85,20130118
86,20130117
87,20130116
88,20130115
89,20130114
90,20130111
91,20130110
92,20130109
93,20130108
94,20130107
95,20130104
96,20130103
97,20130102
98,20130101
99,20121231
100,20121228
101,20121227
102,20121226
103,20121225
104,20121224
105,20121222
106,20121221
107,20121220
108,20121219
109,20121218
110,20121217
111,20121214
112,20121213
113,20121212
114,20121211
115,20121210
116,20121207
117,20121206
118,20121205
119,20121204
120,20121203
121,20121130
122,20121129
123,20121128
124,20121127
125,20121126
126,20121123
127,20121122
128,20121121
129,20121120
130,20121119
131,20121116
132,20121115
133,20121114
134,20121113
135,20121112
136,20121109
137,20121108
138,20121107
139,20121106
140,20121105
141,20121102
142,20121101
143,20121031
144,20121030
145,20121029
146,20121026
147,20121025
148,20121024
149,20121023
150,20121022
151,20121019
152,20121018
153,20121017
154,20121016
155,20121015
156,20121012
157,20121011
158,20121010
159,20121009
160,20121008
161,20121005
162,20121004
163,20121003
164,20121002
165,20121001
166,20120928
167,20120927
168,20120926
169,20120925
170,20120924
171,20120921
172,20120920
173,20120919
174,20120918
175,20120917
176,20120914
177,20120913
178,20120912
179,20120911
180,20120910
181,20120907
182,20120906
183,20120905
184,20120904
185,20120903
186,20120831
187,20120830
188,20120829
189,20120828
190,20120827
191,20120824
192,20120823
193,20120822
194,20120821
195,20120820
196,20120817
197,20120816
198,20120815
199,20120814
200,20120813
201,20120810
202,20120809
203,20120808
204,20120807
205,20120806
206,20120803
207,20120802
208,20120801
209,20120731
210,20120730
211,20120727
212,20120726
213,20120725
214,20120724
215,20120723
216,20120720
217,20120719
218,20120718
219,20120717
220,20120716
221,20120713
222,20120712
223,20120711
224,20120710
225,20120709
226,20120706
227,20120705
228,20120704
229,20120703
230,20120702
231,20120629
232,20120628
233,20120627
234,20120626
235,20120625
236,20120622
237,20120621
238,20120620
239,20120619
240,20120618
241,20120615
242,20120614
243,20120613
244,20120612
245,20120611
246,20120608
247,20120607
248,20120606
249,20120605
250,20120604
251,20120601
252,20120531
253,20120530
254,20120529
255,20120528
256,20120525
257,20120524
258,20120523
259,20120522
260,20120521
261,20120518
262,20120517
263,20120516
264,20120515
265,20120514
266,20120511
267,20120510
268,20120509
269,20120508
270,20120507
271,20120504
272,20120503
273,20120502
274,20120501
275,20120430
276,20120427
277,20120426
278,20120425
279,20120424
280,20120423
281,20120420
282,20120419
283,20120418
284,20120417
285,20120416
286,20120413
287,20120412
288,20120411
289,20120410
290,20120409
291,20120406
292,20120405
293,20120404
294,20120403
295,20120402
296,20120330
297,20120329
298,20120328
299,20120327
300,20120326
301,20120323
302,20120322
303,20120321
304,20120320
305,20120319
306,20120316
307,20120315
308,20120314
309,20120313
310,20120312
311,20120309
312,20120308
313,20120307
314,20120306
315,20120305
316,20120303
317,20120302
318,20120301
319,20120229
320,20120228
321,20120227
322,20120224
323,20120223
324,20120222
325,20120221
326,20120220
327,20120217
328,20120216
329,20120215
330,20120214
331,20120213
332,20120210
333,20120209
334,20120208
335,20120207
336,20120206
337,20120204
338,20120203
339,20120202
340,20120201
341,20120131
342,20120130
343,20120127
344,20120126
345,20120125
346,20120124
347,20120123
348,20120120
349,20120119
350,20120118
351,20120117
352,20120116
353,20120113
354,20120112
355,20120111
356,20120110
357,20120109
358,20120106
359,20120105
360,20120104
361,20120103
362,20120102
363,20111230
364,20111229
365,20111228
366,20111227
367,20111226
368,20111223
369,20111222
370,20111221
371,20111220
372,20111219
373,20111216
374,20111215
375,20111214
376,20111213
377,20111212
378,20111209
379,20111208
380,20111207
381,20111206
382,20111205
383,20111202
384,20111201
385,20111130
386,20111129
387,20111128
388,20111125
389,20111124
390,20111123
391,20111122
392,20111121
393,20111118
394,20111117
395,20111116
396,20111115
397,20111114
398,20111111
399,20111110
400,20111109
401,20111108
402,20111107
403,20111104
404,20111103
405,20111102
406,20111101
407,20111031
408,20111028
409,20111027
410,20111026
411,20111025
412,20111024
413,20111021
414,20111020
415,20111019
416,20111018
417,20111017
418,20111014
419,20111013
420,20111012
421,20111011
422,20111010
423,20111007
424,20111006
425,20111005
426,20111004
427,20111003
428,20110930
429,20110929
430,20110928
431,20110927
432,20110926
433,20110923
434,20110922
435,20110921
436,20110920
437,20110919
438,20110916
439,20110915
440,20110914
441,20110913
442,20110912
443,20110909
444,20110908
445,20110907
446,20110906
447,20110905
448,20110902
449,20110901
450,20110831
451,20110830
452,20110829
453,20110826
454,20110825
455,20110824
456,20110823
457,20110822
458,20110819
459,20110818
460,20110817
461,20110816
462,20110815
463,20110812
464,20110811
465,20110810
466,20110809
467,20110808
468,20110805
469,20110804
470,20110803
471,20110802
472,20110801
473,20110729
474,20110728
475,20110727
476,20110726
477,20110725
478,20110722
479,20110721
480,20110720
481,20110719
482,20110718
483,20110715
484,20110714
485,20110714
486,20110713
487,20110712
488,20110711
489,20110708
490,20110707
491,20110706
492,20110705
493,20110704
494,20110701
495,20110630
496,20110629
497,20110628
498,20110627
499,20110624
500,20110623
501,20110622
502,20110621
503,20110620
504,20110617
505,20110616
506,20110615
507,20110614
508,20110613
509,20110610
510,20110609
511,20110608
512,20110607
513,20110606
514,20110603
515,20110602
516,20110601
517,20110531
518,20110530
519,20110527
520,20110526
521,20110525
522,20110524
523,20110523
524,20110520
525,20110519
526,20110518
527,20110517
528,20110516
529,20110513
530,20110512
531,20110511
532,20110510
533,20110509
534,20110506
535,20110505
536,20110504
537,20110503
538,20110502
539,20110429
540,20110428
541,20110427
542,20110426
543,20110425
544,20110422
545,20110421
546,20110420
547,20110419
548,20110418
549,20110415
550,20110414
551,20110413
552,20110412
553,20110411
554,20110408
555,20110407
556,20110406
557,20110405
558,20110404
559,20110401
560,20110331
561,20110330
562,20110329
563,20110328
564,20110325
565,20110324
566,20110323
567,20110322
568,20110321
569,20110318
570,20110317
571,20110316
572,20110315
573,20110314
574,20110311
575,20110310
576,20110309
577,20110308
578,20110307
579,20110304
580,20110303
581,20110302
582,20110301
583,20110228
584,20110225
585,20110224
586,20110223
587,20110222
588,20110221
589,20110218
590,20110217
591,20110216
592,20110215
593,20110214
594,20110211
595,20110210
596,20110209
597,20110208
598,20110207
599,20110204
600,20110203
601,20110202
602,20110201
603,20110131
604,20110128
605,20110127
606,20110126
607,20110125
608,20110124
609,20110121
610,20110120
611,20110119
612,20110118
613,20110117
614,20110114
615,20110113
616,20110112
617,20110111
618,20110110
619,20110107
620,20110106
621,20110105
622,20110104
623,20110103
624,20101231
625,20101230
626,20101229
627,20101228
628,20101227
629,20101224
630,20101223
631,20101222
632,20101221
633,20101220
634,20101217
635,20101216
636,20101215
637,20101214
638,20101213
639,20101210
640,20101209
641,20101208
642,20101207
643,20101206
644,20101203
645,20101202
646,20101201
647,20101130
648,20101129
649,20101126
650,20101125
651,20101124
652,20101123
653,20101122
654,20101119
655,20101118
656,20101117
657,20101116
658,20101115
659,20101112
660,20101111
661,20101110
662,20101109
663,20101108
664,20101105
665,20101104
666,20101103
667,20101102
668,20101101
669,20101029
670,20101028
671,20101027
672,20101026
673,20101025
674,20101022
675,20101021
676,20101020
677,20101019
678,20101018
679,20101015
680,20101014
681,20101013
682,20101012
683,20101011
684,20101008
685,20101007
686,20101006
687,20101005
688,20101004
689,20101001
690,20100930
691,20100929
692,20100928
693,20100927
694,20100924
695,20100923
696,20100922
697,20100921
698,20100920
699,20100917
700,20100916
701,20100915
702,20100914
703,20100913
704,20100910
705,20100909
706,20100908
707,20100907
708,20100906
709,20100903
710,20100902
711,20100901
712,20100831
713,20100830
714,20100827
715,20100826
716,20100825
717,20100824
718,20100823
719,20100820
720,20100819
721,20100818
722,20100817
723,20100816
724,20100813
725,20100812
726,20100811
727,20100810
728,20100809
729,20100806
730,20100805
731,20100804
732,20100803
733,20100802
734,20100730
735,20100729
736,20100728
737,20100727
738,20100726
739,20100723
740,20100722
741,20100721
742,20100720
743,20100719
744,20100716
745,20100715
746,20100714
747,20100713
748,20100712
749,20100709
750,20100708
751,20100707
752,20100706
753,20100705
754,20100702
755,20100701
756,20100630
757,20100629
758,20100628
759,20100625
760,20100624
761,20100623
762,20100622
763,20100621
764,20100618
765,20100617
766,20100616
767,20100615
768,20100614
769,20100611
770,20100610
771,20100609
772,20100608
773,20100607
774,20100604
775,20100603
776,20100602
777,20100601
778,20100531
779,20100528
780,20100527
781,20100526
782,20100525
783,20100524
784,20100521
785,20100520
786,20100519
787,20100518
788,20100517
789,20100514
790,20100513
791,20100512
792,20100511
793,20100510
794,20100507
795,20100506
796,20100505
797,20100504
798,20100503
799,20100430
800,20100429
801,20100428
802,20100427
803,20100426
804,20100423
805,20100422
806,20100421
807,20100420
808,20100419
809,20100416
810,20100415
811,20100414
812,20100413
813,20100412
814,20100409
815,20100408
816,20100407
817,20100406
818,20100405
819,20100402
820,20100401
821,20100331
822,20100330
823,20100329
824,20100326
825,20100325
826,20100324
827,20100323
828,20100322
829,20100319
830,20100318
831,20100317
832,20100316
833,20100315
834,20100312
835,20100311
836,20100310
837,20100309
838,20100308
839,20100305
840,20100304
841,20100303
842,20100302
843,20100301
844,20100226
845,20100225
846,20100224
847,20100223
848,20100222
849,20100219
850,20100218
851,20100217
852,20100216
853,20100215
854,20100212
855,20100211
856,20100210
857,20100209
858,20100208
859,20100206
860,20100205
861,20100204
862,20100203
863,20100202
864,20100201
865,20100129
866,20100128
867,20100127
868,20100126
869,20100125
870,20100122
871,20100121
872,20100120
873,20100119
874,20100118
875,20100115
876,20100114
877,20100113
878,20100112
879,20100111
880,20100108
881,20100107
882,20100106
883,20100105
884,20100104
885,20091231
886,20091230
887,20091229
888,20091228
889,20091225
890,20091224
891,20091223
892,20091222
893,20091221
894,20091218
895,20091217
896,20091216
897,20091215
898,20091214
899,20091211
900,20091210
901,20091209
902,20091208
903,20091207
904,20091204
905,20091203
906,20091202
907,20091201
908,20091130
909,20091127
910,20091126
911,20091125
912,20091124
913,20091123
914,20091120
915,20091119
916,20091118
917,20091117
918,20091116
919,20091113
920,20091112
921,20091111
922,20091110
923,20091109
924,20091106
925,20091105
926,20091104
927,20091103
928,20091102
929,20091030
930,20091029
931,20091028
932,20091027
933,20091026
934,20091023
935,20091022
936,20091021
937,20091020
938,20091019
939,20091016
940,20091015
941,20091014
942,20091013
943,20091012
944,20091009
945,20091008
946,20091007
947,20091006
948,20091005
949,20091002
950,20091001
951,20090930
952,20090929
953,20090928
954,20090925
955,20090924
956,20090923
957,20090922
958,20090921
959,20090918
960,20090917
961,20090916
962,20090915
963,20090914
964,20090911
965,20090910
966,20090909
967,20090908
968,20090907
969,20090904
970,20090903
971,20090902
972,20090901
973,20090831
974,20090828
975,20090827
976,20090826
977,20090825
978,20090824
979,20090821
980,20090820
981,20090819
982,20090818
983,20090817
984,20090814
985,20090813
986,20090812
987,20090811
988,20090810
989,20090807
990,20090806
991,20090805
992,20090804
993,20090803
994,20090731
995,20090730
996,20090729
997,20090728
998,20090727
999,20090724
1000,20090723
1001,20090722
1002,20090721
1003,20090720
1004,20090717
1005,20090716
1006,20090715
1007,20090714
1008,20090713
1009,20090710
1010,20090709
1011,20090708
1012,20090707
1013,20090706
1014,20090703
1015,20090702
1016,20090701
1017,20090630
1018,20090629
1019,20090626
1020,20090625
1021,20090624
1022,20090623
1023,20090622
1024,20090619
1025,20090618
1026,20090617
1027,20090616
1028,20090615
1029,20090612
1030,20090611
1031,20090610
1032,20090609
1033,20090608
1034,20090605
1035,20090604
1036,20090603
1037,20090602
1038,20090601
1039,20090529
1040,20090528
1041,20090527
1042,20090526
1043,20090525
1044,20090522
1045,20090521
1046,20090520
1047,20090519
1048,20090518
1049,20090515
1050,20090514
1051,20090513
1052,20090512
1053,20090511
1054,20090508
1055,20090507
1056,20090506
1057,20090505
1058,20090504
1059,20090501
1060,20090430
1061,20090429
1062,20090428
1063,20090427
1064,20090424
1065,20090423
1066,20090422
1067,20090421
1068,20090420
1069,20090417
1070,20090416
1071,20090415
1072,20090414
1073,20090413
1074,20090409
1075,20090408
1076,20090407
1077,20090406
1078,20090403
1079,20090402
1080,20090401
1081,20090331
1082,20090330
1083,20090327
1084,20090326
1085,20090325
1086,20090324
1087,20090323
1088,20090320
1089,20090319
1090,20090318
1091,20090317
1092,20090316
1093,20090313
1094,20090312
1095,20090311
1096,20090310
1097,20090309
1098,20090306
1099,20090305
1100,20090304
1101,20090303
1102,20090302
1103,20090227
1104,20090226
1105,20090225
1106,20090224
1107,20090223
1108,20090220
1109,20090219
1110,20090218
1111,20090217
1112,20090216
1113,20090213
1114,20090212
1115,20090211
1116,20090210
1117,20090209
1118,20090206
1119,20090205
1120,20090204
1121,20090203
1122,20090202
1123,20090130
1124,20090129
1125,20090128
1126,20090127
1127,20090126
1128,20090123
1129,20090122
1130,20090121
1131,20090120
1132,20090119
1133,20090116
1134,20090115
1135,20090114
1136,20090113
1137,20090112
1138,20090109
1139,20090108
1140,20090107
1141,20090106
1142,20090105
1143,20090102
1144,20081231
1145,20081230
1146,20081229
1147,20081226
1148,20081224
1149,20081223
1150,20081222
1151,20081219
1152,20081218
1153,20081217
1154,20081216
1155,20081215
1156,20081212
1157,20081211
1158,20081210
1159,20081209
1160,20081208
1161,20081205
1162,20081204
1163,20081203
1164,20081202
1165,20081201
1166,20081128
1167,20081127
1168,20081126
1169,20081125
1170,20081124
1171,20081121
1172,20081120
1173,20081119
1174,20081118
1175,20081117
1176,20081114
1177,20081113
1178,20081112
1179,20081111
1180,20081110
1181,20081107
1182,20081106
1183,20081105
1184,20081104
1185,20081103
1186,20081031
1187,20081030
1188,20081029
1189,20081028
1190,20081027
1191,20081024
1192,20081023
1193,20081022
1194,20081021
1195,20081020
1196,20081017
1197,20081016
1198,20081015
1199,20081014
1200,20081013
1201,20081010
1202,20081009
1203,20081008
1204,20081007
1205,20081006
1206,20081003
1207,20081002
1208,20081001
1209,20080930
1210,20080929
1211,20080926
1212,20080925
1213,20080924
1214,20080923
1215,20080922
1216,20080919
1217,20080918
1218,20080917
1219,20080916
1220,20080915
1221,20080912
1222,20080911
1223,20080910
1224,20080909
1225,20080908
1226,20080905
1227,20080904
1228,20080903
1229,20080902
1230,20080901
1231,20080829
1232,20080828
1233,20080827
1234,20080826
1235,20080825
1236,20080822
1237,20080821
1238,20080820
1239,20080819
1240,20080818
1241,20080815
1242,20080814
1243,20080813
1244,20080812
1245,20080811
1246,20080808
1247,20080807
1248,20080806
1249,20080805
1250,20080804
1251,20080801
1252,20080731
1253,20080730
1254,20080729
1255,20080728
1256,20080725
1257,20080724
1258,20080723
1259,20080722
1260,20080721
1261,20080718
1262,20080717
1263,20080716
1264,20080715
1265,20080714
1266,20080711
1267,20080710
1268,20080709
1269,20080708
1270,20080707
1271,20080704
1272,20080703
1273,20080702
1274,20080701
1275,20080630
1276,20080627
1277,20080626
1278,20080625
1279,20080624
1280,20080623
1281,20080620
1282,20080619
1283,20080618
1284,20080617
1285,20080616
1286,20080613
1287,20080612
1288,20080611
1289,20080610
1290,20080609
1291,20080606
1292,20080605
1293,20080604
1294,20080603
1295,20080602
1296,20080530
1297,20080529
1298,20080528
1299,20080527
1300,20080526
1301,20080523
1302,20080522
1303,20080521
1304,20080520
1305,20080519
1306,20080516
1307,20080515
1308,20080514
1309,20080513
1310,20080512
1311,20080509
1312,20080508
1313,20080507
1314,20080506
1315,20080505
1316,20080502
1317,20080501
1318,20080430
1319,20080429
1320,20080428
1321,20080425
1322,20080424
1323,20080423
1324,20080422
1325,20080421
1326,20080418
1327,20080417
1328,20080416
1329,20080415
1330,20080414
1331,20080411
1332,20080410
1333,20080409
1334,20080408
1335,20080407
1336,20080404
1337,20080403
1338,20080402
1339,20080401
1340,20080331
1341,20080328
1342,20080327
1343,20080326
1344,20080325
1345,20080324
1346,20080320
1347,20080319
1348,20080318
1349,20080317
1350,20080314
1351,20080313
1352,20080312
1353,20080311
1354,20080310
1355,20080307
1356,20080306
1357,20080305
1358,20080304
1359,20080303
1360,20080229
1361,20080228
1362,20080227
1363,20080226
1364,20080225
1365,20080222
1366,20080221
1367,20080220
1368,20080219
1369,20080218
1370,20080215
1371,20080214
1372,20080213
1373,20080212
1374,20080211
1375,20080208
1376,20080207
1377,20080206
1378,20080205
1379,20080204
1380,20080201
1381,20080131
1382,20080130
1383,20080129
1384,20080128
1385,20080125
1386,20080124
1387,20080123
1388,20080122
1389,20080121
1390,20080118
1391,20080117
1392,20080116
1393,20080115
1394,20080114
1395,20080111
1396,20080110
1397,20080109
1398,20080108
1399,20080107
1400,20080104
1401,20080103
1402,20080102
1403,20071231
1404,20071228
1405,20071227
1406,20071226
1407,20071224
1408,20071221
1409,20071220
1410,20071219
1411,20071218
1412,20071217
1413,20071214
1414,20071213
1415,20071212
1416,20071211
1417,20071210
1418,20071207
1419,20071206
1420,20071205
1421,20071204
1422,20071203
1423,20071130
1424,20071129
1425,20071128
1426,20071127
1427,20071126
1428,20071123
1429,20071122
1430,20071121
1431,20071120
1432,20071119
1433,20071116
1434,20071115
1435,20071114
1436,20071113
1437,20071112
1438,20071109
1439,20071108
1440,20071107
1441,20071106
1442,20071105
1443,20071102
1444,20071101
1445,20071031
1446,20071030
1447,20071029
1448,20071026
1449,20071025
1450,20071024
1451,20071023
1452,20071022
1453,20071019
1454,20071018
1455,20071017
1456,20071016
1457,20071015
1458,20071012
1459,20071011
1460,20071010
1461,20071009
1462,20071008
1463,20071005
1464,20071004
1465,20071003
1466,20071002
1467,20071001
1468,20070928
1469,20070927
1470,20070926
1471,20070925
1472,20070924
1473,20070921
1474,20070920
1475,20070919
1476,20070918
1477,20070917
1478,20070914
1479,20070913
1480,20070912
1481,20070911
1482,20070910
1483,20070907
1484,20070906
1485,20070905
1486,20070904
1487,20070903
1488,20070831
1489,20070830
1490,20070829
1491,20070828
1492,20070827
1493,20070824
1494,20070823
1495,20070822
1496,20070821
1497,20070820
1498,20070817
1499,20070816
1500,20070815
1501,20070814
1502,20070813
1503,20070810
1504,20070809
1505,20070808
1506,20070807
1507,20070806
1508,20070803
1509,20070802
1510,20070801
1511,20070731
1512,20070730
1513,20070727
1514,20070726
1515,20070725
1516,20070724
1517,20070723
1518,20070720
1519,20070719
1520,20070718
1521,20070717
1522,20070716
1523,20070713
1524,20070712
1525,20070711
1526,20070710
1527,20070709
1528,20070706
1529,20070705
1530,20070704
1531,20070703
1532,20070702
1533,20070629
1534,20070628
1535,20070627
1536,20070626
1537,20070625
1538,20070622
1539,20070621
1540,20070620
1541,20070619
1542,20070618
1543,20070615
1544,20070614
1545,20070613
1546,20070612
1547,20070611
1548,20070608
1549,20070607
1550,20070606
1551,20070605
1552,20070604
1553,20070601
1554,20070531
1555,20070530
1556,20070529
1557,20070528
1558,20070525
1559,20070524
1560,20070523
1561,20070522
1562,20070521
1563,20070518
1564,20070517
1565,20070516
1566,20070515
1567,20070514
1568,20070511
1569,20070510
1570,20070509
1571,20070508
1572,20070507
1573,20070504
1574,20070503
1575,20070502
1576,20070501
1577,20070430
1578,20070427
1579,20070426
1580,20070425
1581,20070424
1582,20070423
1583,20070420
1584,20070419
1585,20070418
1586,20070417
1587,20070416
1588,20070413
1589,20070412
1590,20070411
1591,20070410
1592,20070409
1593,20070406
1594,20070405
1595,20070404
1596,20070403
1597,20070402
1598,20070330
1599,20070329
1600,20070328
1601,20070327
1602,20070326
1603,20070323
1604,20070322
1605,20070321
1606,20070323
1607,20070320
1608,20070319
1609,20070316
1610,20070315
1611,20070314
1612,20070313
1613,20070312
1614,20070309
1615,20070308
1616,20070307
1617,20070306
1618,20070305
1619,20070302
1620,20070301
1621,20070228
1622,20070227
1623,20070226
1624,20070223
1625,20070222
1626,20070221
1627,20070220
1628,20070219
1629,20070216
1630,20070215
1631,20070214
1632,20070213
1633,20070212
1634,20070209
1635,20070208
1636,20070207
1637,20070206
1638,20070205
1639,20070202
1640,20070201
1641,20070131
1642,20070130
1643,20070129
1644,20070126
1645,20070125
1646,20070124
1647,20070123
1648,20070122
1649,20070119
1650,20070118
1651,20070117
1652,20070116
1653,20070115
1654,20070112
1655,20070111
1656,20070110
1657,20070109
1658,20070108
1659,20070105
1660,20070104
1661,20070103
1662,20070102
1663,20061229
1664,20061228
1665,20061227
1666,20061226
1667,20061222
1668,20061221
1669,20061220
1670,20061219
1671,20061218
1672,20061215
1673,20061214
1674,20061213
1675,20061212
1676,20061211
1677,20061208
1678,20061207
1679,20061206
1680,20061205
1681,20061204
1682,20061201
1683,20061130
1684,20061129
1685,20061128
1686,20061127
1687,20061124
1688,20061123
1689,20061122
1690,20061121
1691,20061120
1692,20061117
1693,20061116
1694,20061115
1695,20061114
1696,20061113
1697,20061110
1698,20061109
1699,20061108
1700,20061107
1701,20061106
1702,20061103
1703,20061102
1704,20061101
1705,20061031
1706,20061030
1707,20061027
1708,20061026
1709,20061025
1710,20061024
1711,20061023
1712,20061020
1713,20061019
1714,20061018
1715,20061017
1716,20061016
1717,20061013
1718,20061012
1719,20061011
1720,20061010
1721,20061009
1722,20061006
1723,20061005
1724,20061004
1725,20061003
1726,20061002
1727,20060929
1728,20060928
1729,20060927
1730,20060926
1731,20060925
1732,20060922
1733,20060921
1734,20060920
1735,20060919
1736,20060918
1737,20060915
1738,20060914
1739,20060913
1740,20060912
1741,20060911
1742,20060908
1743,20060907
1744,20060906
1745,20060905
1746,20060904
1747,20060901
1748,20060831
1749,20060830
1750,20060829
1751,20060828
1752,20060825
1753,20060824
1754,20060823
1755,20060822
1756,20060821
1757,20060818
1758,20060817
1759,20060816
1760,20060815
1761,20060814
1762,20060811
1763,20060810
1764,20060809
1765,20060808
1766,20060807
1767,20060804
1768,20060803
1769,20060802
1770,20060801
1771,20060731
1772,20060728
1773,20060727
1774,20060726
1775,20060725
1776,20060724
1777,20060721
1778,20060720
1779,20060719
1780,20060718
1781,20060717
1782,20060714
1783,20060713
1784,20060712
1785,20060711
1786,20060710
1787,20060707
1788,20060706
1789,20060705
1790,20060704
1791,20060703
1792,20060630
1793,20060629
1794,20060628
1795,20060627
1796,20060626
1797,20060623
1798,20060622
1799,20060621
1800,20060620
1801,20060619
1802,20060616
1803,20060615
1804,20060614
1805,20060613
1806,20060612
1807,20060609
1808,20060608
1809,20060607
1810,20060606
1811,20060605
1812,20060602
1813,20060601
1814,20060531
1815,20060530
1816,20060529
1817,20060526
1818,20060525
1819,20060524
1820,20060523
1821,20060522
1822,20060519
1823,20060518
1824,20060517
1825,20060516
1826,20060515
1827,20060512
1828,20060511
1829,20060510
1830,20060509
1831,20060508
1832,20060505
1833,20060504
1834,20060503
1835,20060502
1836,20060501
1837,20060428
1838,20060427
1839,20060426
1840,20060425
1841,20060424
1842,20060421
1843,20060420
1844,20060419
1845,20060418
1846,20060417
1847,20060414
1848,20060413
1849,20060412
1850,20060411
1851,20060410
1852,20060407
1853,20060406
1854,20060405
1855,20060404
1856,20060403
1857,20060331
1858,20060330
1859,20060329
1860,20060328
1861,20060327
1862,20060324
1863,20060323
1864,20060322
1865,20060321
1866,20060320
1867,20060317
1868,20060316
1869,20060315
1870,20060314
1871,20060313
1872,20060310
1873,20060309
1874,20060308
1875,20060307
1876,20060306
1877,20060303
1878,20060302
1879,20060301
1880,20060228
1881,20060227
1882,20060224
1883,20060223
1884,20060222
1885,20060221
1886,20060220
1887,20060217
1888,20060216
1889,20060215
1890,20060214
1891,20060213
1892,20060210
1893,20060209
1894,20060208
1895,20060207
1896,20060206
1897,20060203
1898,20060202
1899,20060201
1900,20060131
1901,20060130
1902,20060127
1903,20060126
1904,20060125
1905,20060124
1906,20060123
1907,20060120
1908,20060119
1909,20060118
1910,20060117
1911,20060116
1912,20060113
1913,20060112
1914,20060111
1915,20060110
1916,20060109
1917,20060106
1918,20060105
1919,20060104
1920,20060103
1921,20051230
1922,20051229
1923,20051228
1924,20051227
1925,20051226
1926,20051223
1927,20051222
1928,20051221
1929,20051220
1930,20051219
1931,20051216
1932,20051215
1933,20051214
1934,20051213
1935,20051212
1936,20051209
1937,20051208
1938,20051207
1939,20051206
1940,20051205
1941,20051202
1942,20051201
1943,20051130
1944,20051129
1945,20051128
1946,20051125
1947,20051124
1948,20051123
1949,20051122
1950,20051121
1951,20051118
1952,20051117
1953,20051116
1954,20051115
1955,20051114
1956,20051111
1957,20051110
1958,20051109
1959,20051108
1960,20051107
1961,20051104
1962,20051103
1963,20051102
1964,20051101
1965,20051031
1966,20051028
1967,20051027
1968,20051026
1969,20051025
1970,20051024
1971,20051021
1972,20051020
1973,20051019
1974,20051018
1975,20051017
1976,20051014
1977,20051013
1978,20051012
1979,20051011
1980,20051010
1981,20051007
1982,20051006
1983,20051005
1984,20051004
1985,20051003
1986,20050930
1987,20050929
1988,20050928
1989,20050927
1990,20050926
1991,20050923
1992,20050922
1993,20050921
1994,20050920
1995,20050919
1996,20050916
1997,20050915
1998,20050914
1999,20050913
2000,20050912
2001,20050909
2002,20050908
2003,20050907
2004,20050906
2005,20050905
2006,20050902
2007,20050901
2008,20050831
2009,20050830
2010,20050829
2011,20050826
2012,20050825
2013,20050824
2014,20050823
2015,20050822
2016,20050819
2017,20050818
2018,20050817
2019,20050816
2020,20050815
2021,20050812
2022,20050811
2023,20050810
2024,20050809
2025,20050808
2026,20050805
2027,20050804
2028,20050803
2029,20050802
2030,20050801
2031,20050729
2032,20050728
2033,20050727
2034,20050726
2035,20050725
2036,20050722
2037,20050721
2038,20050720
2039,20050719
2040,20050718
2041,20050715
2042,20050714
2043,20050713
2044,20050712
2045,20050711
2046,20050708
2047,20050707
2048,20050706
2049,20050705
2050,20050704
2051,20050701
2052,20050630
2053,20050629
2054,20050628
2055,20050627
2056,20050624
2057,20050623
2058,20050622
2059,20050621
2060,20050620
2061,20050617
2062,20050616
2063,20050615
2064,20050614
2065,20050613
2066,20050610
2067,20050609
2068,20050608
2069,20050607
2070,20050606
2071,20050603
2072,20050602
2073,20050601
2074,20050531
2075,20050530
2076,20050527
2077,20050526
2078,20050525
2079,20050524
2080,20050523
2081,20050520
2082,20050519
2083,20050518
2084,20050517
2085,20050516
2086,20050513
2087,20050512
2088,20050511
2089,20050510
2090,20050509
2091,20050506
2092,20050505
2093,20050504
2094,20050503
2095,20050502
2096,20050429
2097,20050428
2098,20050427
2099,20050426
2100,20050425
2101,20050422
2102,20050421
2103,20050420
2104,20050419
2105,20050418
2106,20050415
2107,20050414
2108,20050413
2109,20050412
2110,20050411
2111,20050408
2112,20050407
2113,20050406
2114,20050405
2115,20050404
2116,20050401
2117,20050331
2118,20050330
2119,20050329
2120,20050328
2121,20050325
2122,20050324
2123,20050323
2124,20050322
2125,20050321
2126,20050318
2127,20050317
2128,20050317
2129,20050316
2130,20050315
2131,20050314
2132,20050311
2133,20050310
2134,20050309
2135,20050308
2136,20050307
2137,20050304
2138,20050303
2139,20050302
2140,20050301
2141,20050228
2142,20050225
2143,20050224
2144,20050223
2145,20050222
2146,20050221
2147,20050218
2148,20050217
2149,20050216
2150,20050215
2151,20050214
2152,20050211
2153,20050210
2154,20050209
2155,20050208
2156,20050207
2157,20050204
2158,20050203
2159,20050202
2160,20050201
2161,20050131
2162,20050128
2163,20050127
2164,20050126
2165,20050125
2166,20050124
2167,20050121
2168,20050120
2169,20050119
2170,20050118
2171,20050117
2172,20050114
2173,20050113
2174,20050112
2175,20050111
2176,20050110
2177,20050107
2178,20050106
2179,20050105
2180,20050104
2181,20050103
2182,20041231
2183,20041230
2184,20041229
2185,20041228
2186,20041227
2187,20041224
2188,20041223
2189,20041222
2190,20041221
2191,20041220
2192,20041217
2193,20041216
2194,20041215
2195,20041214
2196,20041213
2197,20041210
2198,20041209
2199,20041208
2200,20041207
2201,20041206
2202,20041203
2203,20041202
2204,20041201
2205,20041130
2206,20041129
2207,20041126
2208,20041125
2209,20041124
2210,20041123
2211,20041122
2212,20041119
2213,20041118
2214,20041117
2215,20041116
2216,20041115
2217,20041112
2218,20041111
2219,20041110
2220,20041109
2221,20041108
2222,20041105
2223,20041104
2224,20041103
2225,20041102
2226,20041101
2227,20041029
2228,20041028
2229,20041027
2230,20041026
2231,20041025
2232,20041022
2233,20041021
2234,20041020
2235,20041019
2236,20041018
2237,20041015
2238,20041014
2239,20041013
2240,20041012
2241,20041011
2242,20041008
2243,20041007
2244,20041006
2245,20041005
2246,20041004
2247,20041001
2248,20040930
2249,20040929
2250,20040928
2251,20040927
2252,20040924
2253,20040923
2254,20040922
2255,20040921
2256,20040920
2257,20040917
2258,20040916
2259,20040915
2260,20040914
2261,20040913
2262,20040910
2263,20040909
2264,20040908
2265,20040907
2266,20040906
2267,20040903
2268,20040902
2269,20040901
2270,20040831
2271,20040830
2272,20040827
2273,20040826
2274,20040825
2275,20040824
2276,20040823
2277,20040820
2278,20040819
2279,20040818
2280,20040817
2281,20040816
2282,20040813
2283,20040812
2284,20040811
2285,20040810
2286,20040809
2287,20040806
2288,20040805
2289,20040804
2290,20040803
2291,20040802
2292,20040730
2293,20040729
2294,20040728
2295,20040727
2296,20040726
2297,20040722
2298,20040721
2299,20040720
2300,20040719
2301,20040716
2302,20040715
2303,20040714
2304,20040713
2305,20040712
2306,20040709
2307,20040708
2308,20040707
2309,20040706
2310,20040705
2311,20040702
2312,20040701
2313,20040630
2314,20040629
2315,20040628
2316,20040624
2317,20040623
2318,20040622
2319,20040621
2320,20040618
2321,20040617
2322,20040616
2323,20040615
2324,20040614
2325,20040611
2326,20040610
2327,20040609
2328,20040608
2329,20040607
2330,20040604
2331,20040603
2332,20040602
2333,20040601
2334,20040531
2335,20040528
2336,20040527
2337,20040526
2338,20040525
2339,20040524
2340,20040521
2341,20040520
2342,20040519
2343,20040518
2344,20040517
2345,20040514
2346,20040513
2347,20040512
2348,20040511
2349,20040510
2350,20040507
2351,20040506
2352,20040505
2353,20040504
2354,20040503
2355,20040430
2356,20040429
2357,20040428
2358,20040427
2359,20040426
2360,20040423
2361,20040422
2362,20040421
2363,20040420
2364,20040419
2365,20040416
2366,20040414
2367,20040413
2368,20040412
2369,20040409
2370,20040408
2371,20040407
2372,20040406
2373,20040405
2374,20040402
2375,20040401
2376,20040331
2377,20040330
2378,20040329
2379,20040326
2380,20040325
2381,20040324
2382,20040323
2383,20040322
2384,20040319
2385,20040318
2386,20040317
2387,20040316
2388,20040315
2389,20040312
2390,20040311
2391,20040310
2392,20040309
2393,20040308
2394,20040305
2395,20040304
2396,20040303
2397,20040302
2398,20040301
2399,20040227
2400,20040226
2401,20040225
2402,20040224
2403,20040223
2404,20040220
2405,20040219
2406,20040218
2407,20040217
2408,20040216
2409,20040213
2410,20040212
2411,20040211
2412,20040210
2413,20040209
2414,20040206
2415,20040205
2416,20040204
2417,20040203
2418,20040202
2419,20040130
2420,20040129
2421,20040128
2422,20040127
2423,20040126
2424,20040123
2425,20040122
2426,20040121
2427,20040120
2428,20040119
2429,20040116
2430,20040115
2431,20040114
2432,20040113
2433,20040112
2434,20040109
2435,20040108
2436,20040107
2437,20040106
2438,20040105
2439,20040102
2440,20031231
2441,20031230
2442,20031229
2443,20031225
2444,20031224
2445,20031223
2446,20031222
2447,20031219
2448,20031218
2449,20031217
2450,20031216
2451,20031215
2452,20031212
2453,20031211
2454,20031210
2455,20031209
2456,20031208
2457,20031204
2458,20031203
2459,20031202
2460,20031201
2461,20031128
2462,20031127
2463,20031126
2464,20031125
2465,20031124
2466,20031120
2467,20031119
2468,20031118
2469,20031117
2470,20031114
2471,20031113
2472,20031112
2473,20031111
2474,20031110
2475,20031107
2476,20031106
2477,20031105
2478,20031104
2479,20031103
2480,20031031
2481,20031030
2482,20031029
2483,20031028
2484,20031027
2485,20031024
2486,20031022
2487,20031021
2488,20031020
2489,20031016
2490,20031015
2491,20031014
2492,20031013
2493,20031010
2494,20031009
2495,20031008
2496,20031007
2497,20031006
2498,20031003
2499,20031002
2500,20031001
2501,20030930
2502,20030929
2503,20030926
2504,20030925
2505,20030924
2506,20030923
2507,20030922
2508,20030918
2509,20030916
2510,20030915
2511,20030911
2512,20030910
2513,20030909
2514,20030904
2515,20030903
2516,20030902
2517,20030901
2518,20030829
2519,20030828
2520,20030827
2521,20030826
2522,20030825
2523,20030821
2524,20030820
2525,20030819
2526,20030818
2527,20030815
2528,20030814
2529,20030813
2530,20030812
2531,20030811
2532,20030807
2533,20030806
2534,20030801
2535,20030731
2536,20030730
2537,20030729
2538,20030725
2539,20030724
2540,20030723
2541,20030722
2542,20030721
2543,20030718
2544,20030717
2545,20030716
2546,20030715
2547,20030711
2548,20030710
2549,20030709
2550,20030704
2551,20030703
2552,20030702
2553,20030701
2554,20030630
2555,20030627
2556,20030626
2557,20030625
2558,20030624
2559,20030623
2560,20030620
2561,20030619
2562,20030616
2563,20030613
2564,20030612
2565,20030611
2566,20030610
2567,20030609
2568,20030605
2569,20030604
2570,20030603
2571,20030602
2572,20030530
2573,20030529
2574,20030528
2575,20030527
2576,20030526
2577,20030523
2578,20030522
2579,20030521
2580,20030520
2581,20030519
2582,20030516
2583,20030515
2584,20030514
2585,20030513
2586,20030512
2587,20030509
2588,20030507
2589,20030506
2590,20030502
2591,20030501
2592,20030430
2593,20030429
2594,20030428
2595,20030425
2596,20030424
2597,20030423
2598,20030422
2599,20030421
2600,20030418
2601,20030417
2602,20030416
2603,20030415
2604,20030414
2605,20030411
2606,20030410
2607,20030409
2608,20030408
2609,20030407
2610,20030404
2611,20030402
2612,20030401
2613,20030331
2614,20030328
2615,20030327
2616,20030326
2617,20030321
2618,20030320
2619,20030319
2620,20030318
2621,20030317
2622,20030314
2623,20030313
2624,20030312
2625,20030311
2626,20030307
2627,20030306
2628,20030304
2629,20030303
2630,20030228
2631,20030227
2632,20030226
2633,20030225
2634,20030224
2635,20030221
2636,20030220
2637,20030219
2638,20030218
2639,20030217
2640,20030214
2641,20030213
2642,20030212
2643,20030211
2644,20030210
2645,20030207
2646,20030206
2647,20030205
2648,20030203
2649,20030131
2650,20030130
2651,20030129
2652,20030128
2653,20030127
2654,20030124
2655,20030123
2656,20030122
2657,20030121
2658,20030120
2659,20030117
2660,20030116
2661,20030115
2662,20030114
2663,20030113
2664,20030110
2665,20030109
2666,20030108
2667,20030107
2668,20030103
2669,20021231
2670,20021230
2671,20021227
2672,20021226
2673,20021225
2674,20021224
2675,20021223
2676,20021220
2677,20021219
2678,20021218
2679,20021217
2680,20021216
2681,20021213
2682,20021212
2683,20021210
2684,20021204
2685,20021203
2686,20021202
2687,20021129
2688,20021128
2689,20021127
2690,20021126
2691,20021125
2692,20021122
2693,20021121
2694,20021120
2695,20021119
2696,20021115
2697,20021114
2698,20021113
2699,20021113
2700,20021112
2701,20021108
2702,20021106
2703,20021104
2704,20021101
2705,20021031
2706,20021021
2707,20021017
2708,20021016
2709,20021002
2726,20031023
2727,20030305
2729,20021211
2730,20021118
2731,20021111
2732,20021107
2733,20021105
2734,20021030
2735,20021029
2736,20021024
2737,20021023
2738,20021022
2746,20021001
2747,20130223
2755,20130405
2756,20130408
2757,20130409
2758,20130410
2759,20130411
2760,20130412
2761,20130415
2762,20130416
2763,20130417
2764,20130418
2765,20130419
2766,20130422
2767,20130423
2768,20130424
2769,20130425
2770,20130426
2773,20130429
2774,20130430
2775,20130501
2776,20130502
2777,20130503
2778,20130506
2779,20130507
2780,20130508
2781,20130509
2782,20130510
2783,20130513
2784,20130514
2785,20130515
2786,20130516
2787,20130517
2788,20130520
2789,20130521
2790,20130522
2791,20130523
2792,20130524
2793,20130527
2794,20130528
2795,20130529
2796,20130530
2797,20130531
2798,20130603
2799,20130604
2800,20130605
2801,20130606
2802,20130607
2803,20130610
2804,20130611
2805,20130612
2806,20130613
2807,20130614
2808,20130617
2809,20130618
2810,20130619
2811,20130620
2812,20130621
2813,20130624
2814,20130625
2815,20130626
2816,20130627
2817,20130628
2818,20130701
2819,20130702
2820,20130703
2821,20130704
2822,20130705
2823,20130708
2824,20130709
2825,20130710
2826,20130711
2827,20130712
2828,20130715
2829,20130716
2830,20130717
2831,20130718
2832,20130719
2833,20130722
2834,20130723
2835,20130724
2836,20130725
2837,20130726
2838,20130729
2839,20130730
2840,20130731
2841,20130801
2842,20130802
2843,20130805
2844,20130806
2845,20130807
2846,20130808
2847,20130809
2848,20130812
2849,20130813
2850,20130814
2851,20130815
2852,20130816
2853,20130819
2854,20130820
2855,20130821
2856,20130822
2857,20130823
2858,20130826
2859,20130827
2860,20130828
2861,20130829
2862,20130830
2863,20130902
2864,20130903
2865,20130904
2866,20130905
2867,20130906
2868,20130909
2869,20130910
2870,20130911
2871,20130912
2872,20130913
2873,20130914
2874,20130916
2875,20130917
2876,20130918
2877,20130919
2878,20130920
2879,20130923
2880,20130924
2881,20130925
2882,20130926
2883,20130927
2884,20130930
2885,20131001
2886,20131002
2887,20131003
2888,20131004
2889,20131007
2890,20131008
2891,20131009
2892,20131010
2893,20131011
2894,20131014
2895,20131015
2896,20131016
2897,20131017
2898,20131018
2899,20131021
2900,20131022
2901,20131023
2902,20131024
2903,20131025
2904,20131028
2905,20131029
2906,20131030
2907,20131031
2908,20131101
2909,20131104
2910,20131105
2911,20131106
2912,20131107
2913,20131108
2914,20131111
2915,20131112
2916,20131113
2917,20131114
2918,20131115
2919,20131118
2920,20131119
2921,20131120
2922,20131121
2923,20131122
2924,20131125
2925,20131126
2926,20131127
2927,20131128
2928,20131129
2929,20131202
2930,20131203
2931,20131204
2932,20131205
2933,20131206
2934,20131209
2935,20131210
2936,20131211
2937,20131212
2938,20131213
2939,20131216
2940,20131217
2941,20131218
2942,20131219
2943,20131220
2944,20131223
2945,20131224
2946,20131225
2947,20131226
2948,20131227
2949,20131230
2950,20131231
2951,20140101
2952,20140102
2953,20140103
2954,20140106
2955,20140107
2956,20140108
2957,20140109
2958,20140110
2959,20140113
2960,20140114
2961,20140115
2962,20140116
2963,20140117
2964,20140120
2965,20140121
2966,20140122
2967,20140123
2968,20140124
2969,20140127
2970,20140128
2971,20140129
2972,20140130
2973,20140131
2974,20140203
2975,20140204
2976,20140205
2977,20140206
2978,20140207
2979,20140210
2980,20140211
2981,20140212
2982,20140213
2983,20140214
2984,20140217
2985,20140218
2986,20140219
2987,20140220
2988,20140221
2989,20140224
2990,20140225
2991,20140226
2992,20140227
2993,20140228
2994,20140303
2995,20140304
2996,20140305
2997,20140306
2998,20140307
2999,20140310
3000,20140311
3001,20140312
3002,20140313
3003,20140314
3004,20140317
3005,20140318
3006,20140319
3007,20140320
3008,20140321
3009,20140324
3010,20140325
3011,20140326
3012,20140327
3013,20140328
3014,20140331
3015,20140401
3016,20140402
3017,20140403
3018,20140404
3019,20140407
3020,20140408
3021,20140409
3022,20140410
3023,20140411
3024,20140414
3026,20140415
3027,20140416
3028,20140417
3029,20140418
3030,20140421
3031,20140422
3032,20140423
3033,20140424
3034,20140425
3035,20140428
3036,20140429
3037,20140430
3038,20140501
3039,20140502
3040,20140505
3041,20140506
3042,20140507
3043,20140508
3044,20140509
3045,20140512
3046,20140513
3047,20140514
3048,20140515
3049,20140516
3050,20140519
3051,20140520
3052,20140521
3053,20140522
3054,20140523
3055,20140526
3056,20140527
3057,20140528
3058,20140529
3059,20140530
3060,20140602
3061,20140603
3062,20140604
3063,20140605
3064,20140606
3065,20140609
3066,20140610
3067,20140611
3068,20140612
3069,20140613
3070,20140616
3071,20140617
3072,20140618
3073,20140619
3074,20140620
3075,20140623
3076,20140624
3077,20140625
3078,20140626
3079,20140627
3080,20140630
3081,20140701
3082,20140702
3083,20140703
3084,20140704
3085,20140707
3086,20140708
3087,20140709
3088,20140710
3089,20140711
3090,20140714
3091,20140715
3092,20140716
3093,20140717
3094,20140718
3095,20140721
3096,20140722
3097,20140723
3098,20140724
3099,20140725
3100,20140728
3101,20140729
3102,20140730
3103,20140731
3104,20140801
3105,20140804
3106,20140805
3107,20140806
3108,20140807
3109,20140808
3110,20140811
3111,20140812
3112,20140813
3113,20140814
3114,20140815
3115,20140818
3116,20140819
3117,20140820
3118,20140821
3119,20140822
3120,20140825
3121,20140826
3122,20140827
3123,20140828
3124,20140829
3125,20140901
3126,20140902
3127,20140903
3128,20140904
3129,20140905
3130,20140908
3131,20140909
3132,20140910
3133,20140911
3134,20140912
3135,20140915
3136,20140916
3137,20140917
3138,20140918
3139,20140919
3140,20140922
3141,20140923
3142,20140924
3143,20140925
3144,20140926
3145,20140929
3146,20140930
3147,20141001
3148,20141002
3149,20141003
3150,20141006
3151,20141007
3152,20141008
3153,20141009
3154,20141010
3155,20141013
3156,20141014
3157,20141015
3158,20141016
3159,20141017
3160,20141020
3161,20141021
3162,20141022
3163,20141023
3164,20141023
3165,20141024
3166,20141027
3167,20141028
3168,20141029
3169,20141030
3170,20141031
3171,20141103
3172,20141104
3173,20141105
3174,20141106
3175,20141107
3176,20141110
3177,20141111
3178,20141112
3179,20141113
3180,20141114
3181,20141117
3182,20141118
3183,20141119
3184,20141120
3185,20141121
3186,20141124
3187,20141125
3188,20141126
3189,20141127
3190,20141128
3191,20141201
3192,20141202
3193,20141203
3194,20141204
3195,20141205
3196,20141208
3197,20141209
3198,20141210
3199,20141211
3200,20141212
3201,20141215
3202,20141216
3203,20141217
3204,20141218
3205,20141219
3206,20141222
3207,20141223
3208,20141224
3209,20141225
3210,20141226
3211,20141227
3212,20141229
3213,20141230
3214,20141231
3215,20150101
3216,20150102
3217,20150105
3218,20150106
3219,20150107
3220,20150108
3221,20150109
3222,20150112
3223,20150113
3224,20150114
3225,20150115
3226,20150116
3227,20150119
3228,20150120
3229,20150121
3230,20150122
3231,20150123
3232,20150126
3233,20150127
3234,20150128
3235,20150129
3236,20150130
3237,20150202
3238,20150203
3239,20150204
3240,20150205
3241,20150206
3242,20150209
3243,20150210
3244,20150211
3245,20150212
3246,20150213
3247,20150216
3248,20150217
3249,20150218
3250,20150219
3251,20150220
3252,20150223
3253,20150224
3254,20150225
3255,20150226
3256,20150227
3258,20150228
3259,20150302
3260,20150303
3261,20150304
3262,20150305
3263,20150306
3264,20150309
3265,20150310
3266,20150311
3267,20150312
3268,20150313
3269,20150316
3270,20150317
3271,20150318
3272,20150319
3273,20150320
3274,20150323
3275,20150324
3276,20150325
3277,20150326
3278,20150327
3279,20150330
3280,20150331
3281,20150401
3282,20150402
3283,20150403
3284,20150406
3285,20150407
3286,20150408
3287,20150409
3288,20150410
3289,20150413
3290,20150414
3291,20150415
3292,20150416
3293,20150417
3294,20150420
3295,20150421
3296,20150422
3297,20150423
3298,20150424
3299,20150427
3300,20150428
3301,20150429
3302,20150430
3303,20150501
3304,20150504
3305,20150505
3306,20150506
3307,20150507
3308,20150508
3309,20150511
3310,20150512
3311,20150513
3312,20150514
3313,20150515
3314,20150518
3315,20150519
3316,20150520
3317,20150521
3318,20150522
3319,20150525
3320,20150526
3321,20150527
3322,20150528
3323,20150529
3324,20150601
3325,20150602
3326,20150603
3327,20150604
3328,20150605
3329,20150608
3330,20150609
3331,20150610
3332,20150611
3333,20150612
3334,20150615
3335,20150616
3336,20150617
3337,20150618
3338,20150619
3339,20150622
3340,20150623
3341,20150624
3342,20150625
3343,20150626
3344,20150629
3345,20150630
3346,20150701
3347,20150702
3348,20150703
3349,20150706
3350,20150707
3351,20150708
3352,20150709
3353,20150710
3354,20150713
3355,20150714
3356,20150715
3357,20150716
3358,20150717
3359,20150720
3360,20150721
3361,20150722
3362,20150723
3363,20150724
3364,20150727
3365,20150728
3366,20150729
3367,20150730
3368,20150731
3369,20150803
3370,20150804
3371,20150805
3372,20150806
3373,20150810
3374,20150807
3375,20150811
3376,20150812
3377,20150813
3378,20150814
3379,20150817
3380,20150818
3381,20150819
3382,20150820
3383,20150821
3384,20150824
3385,20150825
3386,20150826
3387,20150827
3388,20150828
3389,20150831
3390,20150901
3391,20150902
3392,20150903
3393,20150904
3394,20150907
3395,20150908
3396,20150909
3397,20150910
3398,20150911
3399,20150914
3400,20150915
3401,20150916
3402,20150917
3403,20150918
3404,20150921
3405,20150922
3406,20150923
3407,20150924
3408,20150925
3409,20150928
3410,20150929
3411,20150930
3412,20151001
3413,20151002
3414,20151005
3415,20151006
3416,20151007
3417,20151008
3418,20151009
3419,20151012
3420,20151013
3421,20151014
3422,20151015
3423,20151016
3424,20151019
3425,20151020
3426,20151021
3427,20151022
3428,20151023
3429,20151026
3430,20151027
3431,20151028
3432,20151029
3433,20151030
3434,20151102
3435,20151103
3436,20151104
3437,20151105
3438,20151106
3439,20151109
3440,20151110
3441,20151111
3442,20151112
3443,20151113
3444,20151116
3445,20151117
3446,20151118
3447,20151119
3448,20151120
3449,20151123
3450,20151124
3451,20151125
3452,20151126
3453,20151127
3454,20151130
3455,20151201
3456,20151202
3457,20151203
3458,20151204
3459,20151207
3460,20151208
3461,20151209
3462,20151210
3463,20151211
3464,20151214
3465,20151215
3466,20151216
3467,20151217
3468,20151218
3469,20151221
3470,20151222
3471,20151223
3472,20151224
3473,20151225
3474,20151228
3475,20151229
3476,20151230
3477,20151231
3478,20160101
3479,20160104
3480,20160105
3481,20160106
3482,20160107
3483,20160108
3484,20160111
3485,20160112
3486,20160113
3487,20160114
3488,20160115
3489,20160118
3490,20160119
3491,20160120
3492,20160121
3493,20160122
3494,20160125
3495,20160126
3496,20160127
3497,20160128
3498,20160129
3499,20160130
3500,20160201
3501,20160202
3502,20160203
3503,20160204
3504,20160205
3505,20160208
3506,20160209
3507,20160210
3508,20160211
3509,20160212
3510,20160215
3511,20160216
3512,20160217
3513,20160218
3514,20160219
3515,20160222
3516,20160223
3517,20160224
3518,20160225
3519,20160226
3520,20160229
3521,20160301
3522,20160302
3523,20160303
3524,20160304
3525,20160307
3526,20160308
3527,20160309
3528,20160310
3529,20160311
3530,20160314
3531,20160315
3532,20160316
3533,20160317
3534,20160318
3535,20160321
3536,20160322
3537,20160323
3538,20160324
3539,20160325
3540,20160328
3541,20160329
3542,20160330
3543,20160331
3544,20160401
3545,20160404
3546,20160405
3547,20160406
3548,20160407
3549,20160408
3550,20160411
3551,20160412
3552,20160413
3553,20160414
3554,20160415
3555,20160418
3556,20160419
3557,20160420
3558,20160421
3559,20160422
3560,20160425
3561,20160426
3562,20160427
3563,20160428
3564,20160429
3565,20160502
3566,20160503
3567,20160504
3568,20160505
3569,20160506
3570,20160509
3571,20160510
3572,20160511
3573,20160512
3574,20160513
3575,20160516
3576,20160517
3577,20160518
3578,20160519
3579,20160520
3580,20160523
3581,20160524
3582,20160525
3583,20160526
3584,20160527
3585,20160530
3586,20160531
3587,20160601
3588,20160602
3589,20160603
3592,20160604
3593,20160606
3594,20160607
3595,20160608
3596,20160609
3597,20160610
3598,20160613
3599,20160614
3600,20160615
3601,20160616
3602,20160617
3603,20160620
3604,20160621
3605,20160622
3606,20160623
3607,20160624
3608,20160627
3609,20160628
3610,20160629
3611,20160630
3612,20160701
3613,20160704
3614,20160705
3615,20160706
3616,20160707
3617,20160708
3618,20160711
3619,20160712
3620,20160713
3621,20160714
3622,20160715
3623,20160718
3624,20160719
3625,20160720
3626,20160721
3627,20160722
3628,20160725
3629,20160726
3630,20160727
3631,20160728
3632,20160729
3633,20160801
3634,20160802
3635,20160803
3636,20160804
3637,20160805
3638,20160808
3639,20160809
3640,20160810
3641,20160811
3642,20160812
3643,20160815
3644,20160816
3645,20160817
3646,20160818
3647,20160819
3648,20160822
3649,20160823
3650,20160824
3651,20160825
3652,20160826
3653,20160829
3654,20160830
3655,20160831
3656,20160901
3657,20160902
3658,20160905
3659,20160906
3660,20160907
3661,20160908
3662,20160909
3663,20160910
3664,20160912
3665,20160913
3666,20160914
3667,20160915
3668,20160916
3669,20160919
3670,20160920
3671,20160921
3672,20160922
3673,20160923
3674,20160926
3675,20160927
3676,20160928
3677,20160929
3678,20160930
3679,20161003
3680,20161004
3681,20161005
3682,20161006
3683,20161007
3684,20161010
3685,20161011
3686,20161012
3687,20161013
3688,20161014
3689,20161017
3690,20161018
3691,20161019
3692,20161020
3693,20161021
3694,20161024
3695,20161025
3696,20161026
3697,20161027
3698,20161028
3699,20161031
3700,20161101
3701,20161102
3702,20161103
3703,20161104
3704,20161107
3705,20161108
3706,20161109
3707,20161110
3708,20161111
3709,20161114
3713,20161115
3714,20161116
3715,20161117
3716,20161118
3717,20161121
3718,20161122
3719,20161123
3720,20161124
3721,20161125
3722,20161128
3723,20161129
3724,20161130
3725,20161201
3726,20161202
3727,20161205
3728,20161206
3729,20161207
3730,20161208
3731,20161209
3732,20161212
3733,20161213
3734,20161214
3735,20161215
3736,20161216
3737,20161219
3738,20161220
3739,20161221
3740,20161222
3741,20161226
3742,20161223
3743,20161227
3744,20161228
3745,20161229
3746,20170102
3747,20161230
3748,20170103
3749,20170104
3750,20170105
3751,20170106
3752,20170109
3753,20170110
3754,20170111
3755,20170112
3756,20170113
3757,20170116
3758,20170117
3759,20170118
3760,20170119
3761,20170120
3762,20170123
3763,20170124
3764,20170125
3765,20170126
3766,20170127
3767,20170130
3768,20170131
3769,20170201
3770,20170202
3771,20170203
3772,20170206
3773,20170207
3774,20170208
3775,20170209
3776,20170210
3777,20170213
3778,20170214
3779,20170215
3780,20170216
3781,20170217
3782,20170218
3783,20170220
3784,20170221
3785,20170222
3786,20170223
3787,20170224
3788,20170227
3789,20170228
3790,20170301
3791,20170302
3792,20170303
3793,20170306
3794,20170307
3795,20170308
3796,20170309
3797,20170310
3798,20170313
3799,20170314
3800,20170315
3801,20170316
3802,20170317
3803,20170320
3804,20170321
3805,20170322
3806,20170323
3807,20170324
3808,20170327
3809,20170328
3810,20170329
3811,20170330
3812,20170331
3813,20170403
3814,20170404
3815,20170405
3816,20170406
3817,20170407
3818,20170410
3819,20170411
3820,20170412
3821,20170413
3822,20170414
3823,20170417
3824,20170418
3825,20170419
3826,20170420
3827,20170421
3828,20170424
3829,20170425
3830,20170426
3831,20170427
3832,20170428
3833,20170501
3834,20170502
3835,20170503
3836,20170504
3837,20170505
3838,20170508
3839,20170509
3840,20170510
3841,20170511
3842,20170512
3843,20170515
3844,20170516
3845,20170517
3846,20170518
3847,20170519
3850,20170522
3851,20170523
3852,20170524
3853,20170525
3854,20170526
3855,20170529
3856,20170530
3857,20170531
3858,20170601
3859,20170602
3860,20170603
3861,20170605
3862,20170606
3863,20170607
3864,20170608
3865,20170609
3866,20170612
3867,20170613
3868,20170614
3869,20170615
3870,20170616
3871,20170619
3872,20170620
3873,20170621
3875,20170622
3876,20170623
3877,20170626
3878,20170627
3879,20170628
3880,20170629
3881,20170630
3882,20170703
3883,20170704
3884,20170705
3885,20170706
3886,20170707
3887,20170710
3888,20170711
3889,20170712
3890,20170713
3891,20170714
3892,20170717
3893,20170718
3894,20170719
3895,20170720
3896,20170721
3897,20170724
3898,20170725
3899,20170726
3900,20170727
3901,20170728
3902,20170731
3903,20170801
3904,20170802
3905,20170803
3906,20170804
3907,20170807
3908,20170808
3909,20170809
3910,20170810
3911,20170811
3912,20170814
3913,20170815
3914,20170816
3915,20170817
3916,20170818
3917,20170821
3918,20170822
3919,20170823
3920,20170824
3921,20170825
3922,20170828
3923,20170829
3924,20170830
3925,20170831
3926,20170901
3927,20170904
3928,20170905
3929,20170906
3930,20170907
3931,20170908
3932,20170911
3933,20170912
3934,20170913
3935,20170914
3936,20170915
3937,20170918
3938,20170919
3939,20170920
3940,20170921
3941,20170922
3942,20170925
3943,20170926
3944,20170927
3945,20170928
3946,20170929
3947,20170930
3948,20171002
3949,20171003
3950,20171004
3951,20171005
3952,20171006
3953,20171009
3954,20171010
3955,20171011
3956,20171012
3957,20171013
3958,20171016
3959,20171017
3960,20171018
3961,20171019
3962,20171020
3963,20171023
3964,20171024
3965,20171025
3966,20171026
3967,20171027
3968,20171030
3969,20171031
3970,20171101
3971,20171102
3972,20171103
3973,20171106
3974,20171107
3975,20171108
3976,20171109
3977,20171110
3978,20171113
3979,20171114
3980,20171115
3981,20171116
3982,20171117
3983,20171120
3984,20171121
3985,20171122
3986,20171123
3987,20171124
3988,20171127
3989,20171128
3990,20171129
3991,20171130
3992,20171201
3993,20171204
3994,20171205
3995,20171206
3996,20171207
3997,20171208
3998,20171211
3999,20171212
4000,20171213
4001,20171214
4002,20171215
4003,20171218
4004,20171219
4005,20171220
4006,20171221
4007,20171222
4008,20171225
4009,20171226
4010,20171227
4011,20171228
4012,20171229
4013,20180101
4014,20180102
4015,20180103
4016,20180104
4017,20180105
4018,20180108
4019,20180109
4020,20180110
4021,20180111
4022,20180112
4023,20180115
4024,20180116
4025,20180117
4026,20180118
4027,20180119
4028,20180122
4029,20180123
4030,20180124
4031,20180125
4032,20180126
4033,20180129
4034,20180130
4035,20180131
4036,20180201
4037,20180202
4038,20180205
4039,20180206
4040,20180207
4041,20180208
4042,20180209
4043,20180212
4044,20180213
4045,20180214
4046,20180215
4047,20180216
4048,20180219
4049,20180220
4050,20180221
4051,20180222
4052,20180223
4053,20180226
4054,20180227
4055,20180228
4056,20180301
4057,20180302
4058,20180305
4059,20180306
4060,20180307
4061,20180308
4062,20180309
4063,20180312
4064,20180313
4065,20180314
4066,20180315
4067,20180316
4068,20180319
4069,20180320
4070,20180321
4071,20180322
4072,20180323
4073,20180326
4074,20180327
4075,20180328
4076,20180329
4077,20180330
4078,20180331
4079,20180402
4080,20180403
4081,20180404
4082,20180405
4083,20180406
4084,20180409
4085,20180410
4086,20180411
4087,20180412
4088,20180413
4089,20180416
4090,20180417
4091,20180418
4092,20180419
4093,20180420
4094,20180423
4095,20180424
4096,20180425
4097,20180426
4098,20180427
4099,20180430
4100,20180501
4101,20180502
4102,20180503
4103,20180504
4104,20180507
4105,20180508
4106,20180509
4107,20180510
4108,20180511
4109,20180514
4110,20180515
4111,20180516
4112,20180517
4113,20180518
4114,20180521
4115,20180522
4116,20180523
4117,20180524
4118,20180525
4119,20180528
4120,20180529
4121,20180530
4122,20180531
4123,20180601
4124,20180604
4125,20180605
4126,20180606
4127,20180607
4128,20180608
4129,20180611
4130,20180612
4131,20180613
4132,20180614
4133,20180615
4134,20180618
4135,20180619
4136,20180620
4137,20180621
4138,20180622
4139,20180625
4140,20180626
4141,20180627
4142,20180628
4143,20180629
4144,20180702
4145,20180703
4146,20180704
4147,20180705
4148,20180706
4149,20180709
4150,20180710
4151,20180711
4152,20180712
4153,20180713
4154,20180716
4155,20180717
4156,20180718
4157,20180719
4158,20180720
4159,20180723
4160,20180724
4161,20180725
4162,20180726
4163,20180727
4164,20180730
4165,20180731
4166,20180801
4167,20180802
4168,20180803
4169,20180806
4170,20180807
4171,20180808
4172,20180809
4173,20180810
4174,20180813
4175,20180814
4176,20180815
4177,20180816
4178,20180817
4179,20180820
4180,20180821
4181,20180822
4182,20180823
4183,20180824
4184,20180827
4185,20180828
4186,20180829
4187,20180830
4188,20180831
4189,20180903
4190,20180904
4191,20180905
4192,20180906
4193,20180907
4194,20180910
4195,20180911
4196,20180912
4197,20180913
4198,20180914
4199,20180917
4200,20180918
4201,20180919
4202,20180920
4203,20180921
4204,20180924
4205,20180925
4206,20180926
4207,20180927
4208,20180928
4209,20181001
4210,20181002
4211,20181003
4212,20181004
4213,20181005
4214,20181008
4215,20181009
4216,20181010
4217,20181011
4218,20181012
4219,20181015
4220,20181016
4221,20181017
4222,20181018
4223,20181019
4224,20181022
4225,20181023
4226,20181024
4227,20181025
4228,20181026
4229,20181029
4230,20181030
4231,20181031
4232,20181101
4233,20181102
4234,20181105
4235,20181106
4236,20181107
4237,20181108
4238,20181109
4240,20181112
4241,20181113
4242,20181114
4243,20181115
4244,20181116
4245,20181119
4246,20181120
4247,20181121
4248,20181122
4249,20181123
4250,20181126
4251,20181127
4252,20181128
4253,20181129
4254,20181130
4255,20181203
4256,20181204
4257,20181205
4258,20181206
4259,20181207
4260,20181210
4261,20181211
4262,20181212
4263,20181213
4264,20181214
4265,20181217
4266,20181218
4267,20181219
4268,20181220
4269,20181221
4270,20181222
4271,20181224
4272,20181225
4273,20181226
4274,20181227
4275,20181228
4276,20181231
4277,20190101
4278,20190102
4279,20190103
4280,20190104
4281,20190107
4282,20190108
4283,20190109
4284,20190110
4285,20190111
4286,20190114
4287,20190115
4288,20190116
4289,20190117
4290,20190118
4291,20190121
4292,20190122
4293,20190123
4294,20190124
4295,20190125
4296,20190128
4297,20190129
4298,20190130
4299,20190131
4300,20190201
4301,20190204
4302,20190205
4303,20190206
4304,20190207
4305,20190208
4306,20190211
4307,20190212
4308,20190213
4309,20190214
4310,20190215
4311,20190218
4312,20190219
4313,20190220
4314,20190221
4315,20190222
4316,20190225
4317,20190226
4318,20190227
4319,20190228
4320,20190301
4321,20190304
4322,20190305
4323,20190306
4324,20190307
4325,20190308
4326,20190311
4327,20190312
4328,20190313
4329,20190314
4330,20190315
4331,20190318
4332,20190319
4333,20190320
4334,20190321
4335,20190322
4336,20190325
4337,20190326
4338,20190327
4339,20190328
4340,20190329
4341,20190401
4342,20190402
4343,20190403
4344,20190404
4345,20190405
4346,20190408
4347,20190409
4348,20190410
4349,20190411
4350,20190412
4351,20190415
4352,20190416
4353,20190417
4354,20190418
4355,20190419
4356,20190422
4357,20190423
4358,20190424
4359,20190425
4360,20190426
4361,20190429
4362,20190430
4363,20190501
4364,20190502
4365,20190503
4366,20190506
4367,20190507
4368,20190508
4369,20190509
4370,20190510
4371,20190513
4372,20190514
4373,20190515
4374,20190516
4375,20190517
4376,20190520
4377,20190521
4378,20190522
4379,20190523
4380,20190524
4381,20190527
4382,20190528
4383,20190529
4384,20190530
4385,20190531
4386,20190603
4387,20190604
4388,20190605
4389,20190606
4390,20190607
4391,20190610
4392,20190611
4393,20190612
4394,20190613
4395,20190614
4396,20190617
4397,20190618
4398,20190619
4399,20190620
4400,20190621
4401,20190624
4402,20190625
4403,20190626
4404,20190627
4405,20190628
4406,20190701
4407,20190702
4408,20190703
4409,20190704
4410,20190705
4411,20190708
4412,20190709
4413,20190710
4414,20190711
4415,20190712
4416,20190715
4417,20190716
4418,20190717
4419,20190718
4420,20190719
4421,20190722
4422,20190723
4423,20190724
4424,20190725
4425,20190726
4426,20190729
4427,20190730
4428,20190731
4429,20190801
4430,20190802
4431,20190805
4432,20190806
4433,20190807
4434,20190808
4435,20190809
4436,20190812
4437,20190813
4438,20190814
4439,20190815
4440,20190816
4441,20190819
4442,20190820
4443,20190821
4444,20190822
4445,20190823
4446,20190826
4447,20190827
4448,20190828
4449,20190829
4450,20190830
4451,20190902
4452,20190903
4453,20190904
4454,20190905
4455,20190906
4456,20190909
4457,20190910
4458,20190911
4459,20190912
4460,20190913
4461,20190916
4462,20190917
4463,20190918
4464,20190919
4465,20190920
4466,20190923
4467,20190924
4468,20190925
4469,20190926
4470,20190927
4471,20190930
4472,20191001
4473,20191002
4474,20191003
4475,20191004
4476,20191007
4477,20191008
4478,20191009
4479,20191010
4480,20191011
4481,20191014
4482,20191015
4483,20191016
4484,20191017
4485,20191018
4486,20191021
4487,20191022
4488,20191023
4489,20191024
4490,20191025
4491,20191028
4492,20191029
4493,20191030
4494,20191031
4495,20191101
4496,20191104
4497,20191105
4498,20191106
4499,20191107
4500,20191108
4501,20191111
4502,20191112
4503,20191113
4504,20191114
4505,20191115
4506,20191118
4507,20191119
4508,20191120
4509,20191121
4510,20191122
4511,20191125
4512,20191126
4513,20191127
4514,20191128
4515,20191129
4516,20191202
4517,20191203
4518,20191204
4519,20191205
4520,20191206
4521,20191209
4522,20191210
4523,20191211
4524,20191212
4525,20191213
4526,20191216
4527,20191217
4528,20191218
4529,20191219
4530,20191220
4531,20191223
4532,20191224
4533,20191225
4534,20191226
4535,20191227
4536,20191230
4537,20191231
4538,20200101
4539,20200102
4540,20200103
4541,20200106
4542,20200107
4543,20200108
4544,20200109
4545,20200110
4546,20200113
4547,20200114
4548,20200115
4549,20200116
4550,20200117
4551,20200120
4552,20200121
4553,20200122
4554,20200123
4555,20200124
4556,20200127
4557,20200128
4558,20200129
4559,20200130
4560,20200131
4561,20200201
4562,20200203
4563,20200204
4564,20200205
4565,20200206
4566,20200207
4567,20200210
4568,20200211
4569,20200212
4570,20200213
4571,20200214
4572,20200217
4573,20200218
4574,20200219
4575,20200220
4576,20200221
4577,20200224
4578,20200225
4579,20200226
4580,20200227
4581,20200228
4582,20200302
4583,20200303
4584,20200304
4585,20200305
4586,20200306
4587,20200309
4588,20200310
4589,20200311
4590,20200312
4591,20200313
4592,20200316
4593,20200317
4594,20200318
4595,20200319
4596,20200320
4597,20200323
4598,20200324
4599,20200325
4600,20200326
4601,20200327
4602,20200330
4603,20200331
4604,20200401
4605,20200402
4606,20200403
4607,20200406
4608,20200407
4609,20200408
4610,20200409
4611,20200410
4612,20200413
4613,20200414
4614,20200415
4615,20200416
4616,20200417
4617,20200420
4618,20200421
4619,20200422
4620,20200423
4621,20200424
4622,20200427
4623,20200428
4624,20200429
4625,20200430
4626,20200501
4627,20200504
4628,20200505
4629,20200506
4630,20200507
4631,20200508
4632,20200511
4633,20200512
4634,20200513
4635,20200514
4636,20200515
4637,20200518
4638,20200519
4639,20200520
4640,20200521
4641,20200522
4642,20200525
4643,20200526
4644,20200527
4645,20200528
4646,20200529
4647,20200601
4648,20200602
4649,20200603
4650,20200604
4651,20200605
4652,20200608
4653,20200609
4654,20200610
4655,20200611
4656,20200612
4657,20200615
4658,20200616
4659,20200617
4660,20200618
4661,20200619
4662,20200622
4663,20200623
4664,20200624
4665,20200625
4666,20200626
4667,20200629
4668,20200630
4669,20200701
4670,20200702
4671,20200703
4672,20200706
4673,20200707
4674,20200708
4675,20200709
4676,20200710
4677,20200713
4678,20200714
4679,20200715
4680,20200716
4681,20200717
4682,20200720
4683,20200721
4684,20200722
4685,20200723
4686,20200724
4687,20200727
4688,20200728
4689,20200729
4690,20200730
4691,20200731
4692,20200803
4693,20200804
4694,20200805
4695,20200806
4696,20200807
4697,20200810
4698,20200811
4699,20200812
4700,20200813
4701,20200814
4702,20200817
4703,20200818
4704,20200819
4705,20200820
4706,20200821
4707,20200824
4708,20200825
4709,20200826
4710,20200827
4711,20200828
4712,20200831
4713,20200901
4714,20200902
4715,20200903
4716,20200904
4717,20200907
4718,20200908
4719,20200909
4720,20200910
4721,20200911
4722,20200914
4723,20200915
4724,20200916
4725,20200917
4726,20200918
4727,20200921
4728,20200922
4729,20200923
4730,20200924
4731,20200925
4732,20200928
4733,20200929
4734,20200930
4735,20201001
4736,20201002
4737,20201005
4738,20201006
4739,20201007
4740,20201008
4741,20201009
4742,20201012
4743,20201013
4744,20201014
4745,20201015
4746,20201016
4747,20201019
4748,20201020
4749,20201021
4750,20201022
4751,20201023
4752,20201026
4753,20201027
4754,20201028
4755,20201029
4756,20201030
4757,20201102
4758,20201103
4759,20201104
4760,20201105
4761,20201106
4762,20201109
4763,20201110
4764,20201111
4765,20201112
4767,20201114
4768,20201113
4769,20201116
4770,20201117
4771,20201118
4772,20201119
4773,20201120
4774,20201123
4775,20201124
4776,20201125
4777,20201126
4778,20201127
4779,20201130
4780,20201201
4781,20201202
4782,20201203
4783,20201204
4784,20201207
4785,20201208
4786,20201209
4787,20201210
4788,20201211
4789,20201214
4790,20201215
4791,20201216
4792,20201217
4793,20201218
4794,20201221
4795,20201222
4796,20201223
4797,20201224
4798,20201225
4799,20201228
4800,20201229
4801,20201230
4802,20201231
4803,20210101
4804,20210104
4805,20210105
4806,20210106
4807,20210107
4808,20210108
4809,20210111
4810,20210112
4811,20210113
4812,20210114
4813,20210115
4814,20210118
4815,20210119
4816,20210120
4817,20210121
4818,20210122
4819,20210125
4820,20210126
4821,20210127
4822,20210128
4823,20210129
4824,20210201
4825,20210202
4826,20210203
4827,20210204
4828,20210205
4829,20210208
4830,20210209
4831,20210210
4832,20210211
4833,20210212
4834,20210215
4835,20210216
4836,20210217
4837,20210218
4838,20210219
4839,20210222
4840,20210223
4841,20210224
4842,20210225
4843,20210226
4844,20210301
4845,20210302
4846,20210303
4847,20210304
4848,20210305
4849,20210308
4850,20210309
4851,20210310
4852,20210311
4853,20210312
4854,20210315
4855,20210316
4856,20210317
4857,20210318
4858,20210319
4859,20210322
4860,20210323
4861,20210324
4862,20210325
4863,20210326
4864,20210329
4865,20210330
4866,20210331
4867,20210401
4868,20210402
4869,20210405
4870,20210406
4871,20210407
4872,20210408
4873,20210409
4874,20210412
4875,20210413
4876,20210414
4877,20210415
4878,20210416
4879,20210419
4880,20210420
4881,20210421
4882,20210422
4883,20210423
4884,20210426
4885,20210427
4886,20210428
4887,20210429
4888,20210430
4889,20210503
4890,20210504
4891,20210505
4892,20210506
4893,20210507
4894,20210510
4895,20210511
4896,20210512
4897,20210513
4898,20210514
4899,20210517
4900,20210518
4901,20210519
4902,20210520
4903,20210521
4904,20210524
4905,20210525
4906,20210526
4907,20210527
4908,20210528
4909,20210531
4910,20210601
4911,20210602
4912,20210603
4913,20210604
4914,20210607
4915,20210608
4916,20210609
4917,20210610
4918,20210611
4919,20210614
4920,20210615
4921,20210616
4922,20210617
4923,20210618
4924,20210621
4925,20210622
4926,20210623
4927,20210624
4928,20210625
4929,20210628
4930,20210629
4931,20210630
4932,20210701
4933,20210702
4934,20210705
4935,20210706
4936,20210707
4937,20210708
4938,20210709
4939,20210712
4940,20210713
4941,20210714
4942,20210715
4943,20210716
4944,20210719
4945,20210720
4946,20210721
4947,20210722
4948,20210723
4949,20210726
4950,20210727
4951,20210728
4952,20210729
4953,20210730
4954,20210802
4955,20210803
4956,20210804
4957,20210805
4958,20210806
4959,20210809
4960,20210810
4961,20210811
4962,20210812
4963,20210813
4964,20210816
4965,20210817
4966,20210818
4967,20210819
4968,20210820
4969,20210823
4970,20210824
4971,20210825
4972,20210826
4973,20210827
4974,20210830
4975,20210831
4976,20210901
4977,20210902
4978,20210903
4979,20210906
4980,20210907
4981,20210908
4982,20210909
4983,20210910
4984,20210913
4985,20210914
4986,20210915
4987,20210916
4988,20210917
4989,20210920
4990,20210921
4991,20210922
4992,20210923
4993,20210924
4994,20210927
4995,20210928
4996,20210929
4997,20210930
4998,20211001
4999,20211004
5000,20211005
5001,20211006
5002,20211007
5003,20211008
5004,20211011
5005,20211012
5006,20211013
5007,20211014
5008,20211015
5009,20211018
5010,20211019
5011,20211020
5012,20211021
5013,20211022
5014,20211025
5015,20211026
5016,20211027
5017,20211028
5018,20211029
5019,20211101
5020,20211102
5021,20211103
5022,20211104
5023,20211105
5024,20211108
5025,20211109
5026,20211110
5027,20211111
5028,20211112
5029,20211115
5030,20211116
5031,20211117
5032,20211118
5033,20211119
5034,20211122
5035,20211123
5036,20211124
5037,20211125
5038,20211126
5039,20211129
5040,20211130
5041,20211201
5042,20211202
5043,20211203
5044,20211206
5045,20211207
5046,20211208
5047,20211209
5048,20211210
5049,20211213
5050,20211214
5051,20211215
5052,20211216
5053,20211217
5054,20211220
5055,20211221
5056,20211222
5057,20211223
5058,20211224
5059,20211227
5060,20211228
5061,20211229
5062,20211230
5063,20211231
5064,20220103
5065,20220104
5066,20220105
5067,20220106
5068,20220107
5069,20220110
5070,20220111
5071,20220112
5072,20220113
5073,20220114
5074,20220117
5075,20220118
5076,20220119
5077,20220120
5078,20220121
5079,20220124
5080,20220125
5081,20220126
5082,20220127
5083,20220128
5084,20220131
5085,20220201
5086,20220202
5087,20220203
5088,20220204
5089,20220207
5090,20220208
5091,20220209
5092,20220210
5093,20220211
5094,20220214
5095,20220215
5096,20220216
5097,20220217
5098,20220218
5099,20220221
5100,20220222
5101,20220223
5102,20220224
5103,20220225
5104,20220228
5105,20220301
5106,20220302
5107,20220303
5108,20220304
5109,20220307
5110,20220308
5111,20220309
5112,20220310
5113,20220311
5114,20220314
5115,20220315
5116,20220316
5117,20220317
5118,20220318
5119,20220321
5120,20220322
5121,20220323
5122,20220324
5123,20220325
5124,20220328
5125,20220329
5126,20220330
5127,20220331
5128,20220401
5129,20220404
5130,20220405
5131,20220406
5132,20220407
5133,20220408
5134,20220411
5135,20220412
5136,20220413
5137,20220414
5138,20220415
5139,20220418
5140,20220419
5141,20220420
5142,20220421
5143,20220422
5144,20220425
5145,20220426
5146,20220427
5147,20220428
5148,20220429
5149,20220502
5150,20220503
5151,20220504
5152,20220505
5153,20220506
5154,20220509
5155,20220510
5156,20220511
5157,20220512
5158,20220513
5159,20220516
5160,20220517
5161,20220518
5162,20220519
5163,20220520
5164,20220523
5165,20220524
5166,20220525
5167,20220526
5168,20220527
5169,20220530
5170,20220531
5171,20220601
5172,20220602
5173,20220603
5174,20220606
5175,20220607
5176,20220608
5177,20220609
5178,20220610
5179,20220613
5180,20220614
5181,20220615
5182,20220616
5183,20220617
5184,20220620
5185,20220621
5186,20220622
5187,20220623
5188,20220624
5189,20220627
5190,20220628
5191,20220629
5192,20220630
5193,20220701
5194,20220704
5195,20220705
5196,20220706
5197,20220707
5198,20220708
5199,20220711
5200,20220712
5201,20220713
5202,20220714
5203,20220715
5204,20220718
5205,20220719
5206,20220720
5207,20220721
5208,20220722
5209,20220725
5210,20220726
5211,20220727
5212,20220728
5213,20220729
5214,20220801
5215,20220802
5216,20220803
5217,20220804
5218,20220805
5219,20220808
5220,20220809
5221,20220810
5222,20220811
5223,20220812
5224,20220815
5225,20220816
5226,20220817
5227,20220818
5228,20220819
5229,20220822
5230,20220823
5231,20220824
5232,20220825
5233,20220826
5234,20220829
5235,20220830
5236,20220831
5237,20220901
5238,20220902
5239,20220905
5240,20220906
5241,20220907
5242,20220908
5243,20220909
5244,20220912
5245,20220913
5246,20220914
5247,20220915
5248,20220916
5249,20220919
5250,20220920
5251,20220921
5252,20220922
5253,20220923
5254,20220926
5255,20220927
5256,20220928
5257,20220929
5258,20220930
5259,20221003
5260,20221004
5261,20221005
5262,20221006
5263,20221007
5264,20221010
5265,20221011
5266,20221012
5267,20221013
5268,20221014
5269,20221017
5270,20221018
5271,20221019
5272,20221020
5273,20221021
5274,20221024
5275,20221025
5276,20221026
5277,20221027
5278,20221028
5279,20221031
5280,20221101
5281,20221102
5282,20221103
5283,20221104
5284,20221107
5285,20221108
5286,20221109
5287,20221110
5288,20221111
5289,20221114
5290,20221115
5291,20221116
5292,20221117
5293,20221118
5294,20221121
5295,20221122
5296,20221123
5297,20221124
5298,20221125
5299,20221128
5300,20221129
5301,20221130
5302,20221201
5303,20221202
5304,20221205
5305,20221206
5306,20221207
5307,20221208
5308,20221209
5309,20221212
5310,20221213
5311,20221214
5312,20221215
5313,20221216
5314,20221219
5315,20221220
5316,20221221
5317,20221222
5318,20221223
5319,20221226
5320,20221227
5321,20221228
5322,20221229
5323,20221230
5324,20230102
5325,20230103
5326,20230104
5327,20230105
5328,20230106
5329,20230109
5330,20230110
5331,20230111
5332,20230112
5333,20230113
5334,20230116
5335,20230117
5336,20230118
5337,20230119
5338,20230120
5339,20230123
5340,20230124
5341,20230125
5342,20230126
5343,20230127
5344,20230130
5345,20230131
5346,20230201
5347,20230202
5348,20230203
5349,20230206
5350,20230207
5351,20230208
5352,20230209
5353,20230210
5354,20230213
5355,20230214
5356,20230215
5357,20230216
5358,20230217
5359,20230220
5360,20230221
5361,20230222
5362,20230223
5363,20230224
5364,20230227
5365,20230228
5366,20230301
5367,20230302
5368,20230303
5369,20230306
5370,20230307
5371,20230308
5372,20230309
5373,20230310
5374,20230313
5375,20230314
5376,20230315
5377,20230316
5378,20230317
5379,20230320
5380,20230321
5381,20230322
5382,20230323
5383,20230324
5384,20230327
5385,20230328
5386,20230329
5387,20230330
5388,20230331
5389,20230403
5390,20230404
5391,20230405
5392,20230406
5393,20230407
5394,20230410
5395,20230411
5396,20230412
5397,20230413
5398,20230414
5399,20230417
5400,20230418
5401,20230419
5402,20230420
5403,20230421
5404,20230424
5405,20230425
5406,20230426
5407,20230427
5408,20230428
5409,20230501
5410,20230502
5411,20230503
5412,20230504
5413,20230505
5414,20230508
5415,20230509
5416,20230510
5417,20230511
5418,20230512
5419,20230515
5420,20230516
5421,20230517
5422,20230518
5423,20230519
5424,20230522
5425,20230523
5426,20230524
5427,20230525
5428,20230526
5429,20230529
5430,20230530
5431,20230531
5432,20230601
5433,20230602
5434,20230605
5435,20230606
5436,20230607
5437,20230608
5438,20230609
5439,20230612
5440,20230613
5441,20230614
5442,20230615
5443,20230616
5444,20230619
5445,20230620
5446,20230621
5447,20230622
5448,20230623
5449,20230626
5450,20230627
5451,20230628
5452,20230629
5453,20230630
5454,20230703
5455,20230704
5456,20230705
5457,20230706
5458,20230707
5459,20230710
5460,20230711
5461,20230712
5462,20230713
5463,20230714
5464,20230717
5465,20230718
5466,20230719
5467,20230720
5468,20230721
5469,20230724
5470,20230725
5471,20230726
5472,20230727
5473,20230728
5474,20230731
5475,20230801
5476,20230802
5477,20230803
5478,20230804
5479,20230807
5480,20230808
5481,20230809
5482,20230810
5483,20230811
5484,20230814
5485,20230815
5486,20230816
5487,20230817
5488,20230818
5489,20230821
5490,20230822
5491,20230823
5492,20230824
5493,20230825
5494,20230828
5495,20230829
5496,20230830
5497,20230831
5498,20230901
5499,20230904
5500,20230905
5501,20230906
5502,20230907
5503,20230908
5504,20230911
5505,20230912
5506,20230913
5507,20230914
5508,20230915
5509,20230918
5510,20230919
5511,20230920
5512,20230921
5513,20230922
5514,20230925
5515,20230926
5516,20230927
5517,20230928
5518,20230929
5519,20231002
5520,20231003
5521,20231004
5522,20231005
5523,20231006
5524,20231009
5525,20231010
5526,20231011
5527,20231012
5528,20231013
5529,20231016
5530,20231017
5531,20231018
5532,20231019
5533,20231020
5534,20231023
5535,20231024
5536,20231025
5537,20231026
5538,20231027
5539,20231030
5540,20231031
5541,20231101
5542,20231102
5543,20231103
5544,20231106
5545,20231107
5546,20231108
5547,20231109
5548,20231110
5549,20231113
5550,20231114
5551,20231115
5552,20231116
5553,20231117
5554,20231120
5555,20231121
5556,20231122
5557,20231123
5558,20231124
5559,20231127
5560,20231128
5561,20231129
5562,20231130
5563,20231201
5564,20231204
5565,20231205
5566,20231206
5567,20231207
5568,20231208
5569,20231211
5570,20231212
5571,20231213
5572,20231214
5573,20231215
5574,20231218
5575,20231219
5576,20231220
5577,20231221
5578,20231222
5579,20231225
5580,20231226
5581,20231227
5582,20231228
5583,20231229
5584,20240101
5585,20240102
5586,20240103
5587,20240104
5588,20240105
5589,20240108
5590,20240109
5591,20240110
5592,20240111
5593,20240112
5594,20240115
5595,20240116
5596,20240117
5597,20240118
5598,20240119
5599,20240122
5600,20240123
5601,20240124
5602,20240125
5603,20240126
5604,20240129
5605,20240130
5606,20240131
5607,20240201
5608,20240202
5609,20240205
5610,20240206
5611,20240207
5612,20240208
5613,20240209
5614,20240212
5615,20240213
5616,20240214
5617,20240215
5618,20240216
5619,20240219
5620,20240220
5621,20240221
5622,20240222
5623,20240223
5624,20240226
5625,20240227
5626,20240228
5627,20240229
5628,20240301
5629,20240304
5630,20240305
5631,20240306
5632,20240307
5633,20240308
5634,20240311
5635,20240312
5636,20240313
5637,20240314
5638,20240315
5639,20240318
5640,20240319
5641,20240320
5642,20240321
5643,20240322
5644,20240325
5645,20240326
5646,20240327
5647,20240328
5648,20240329
5649,20240401
5650,20240402
5651,20240403
5652,20240404
5653,20240405
5654,20240408
5655,20240409
5656,20240410
5657,20240411
5658,20240412
5659,20240415
5660,20240416
5661,20240417
5662,20240418
5663,20240419
5664,20240422
5665,20240423
5666,20240424
5667,20240425
5668,20240426
5669,20240429
5670,20240430
5671,20240501
5672,20240502
5673,20240503
5674,20240506
5675,20240507
5676,20240508
5677,20240509
5678,20240510
5679,20240513
5680,20240514
5681,20240515
5682,20240516
5683,20240517
5684,20240520
5685,20240521
5686,20240522
5687,20240523
5688,20240524
5689,20240527
5690,20240528
5691,20240529
5692,20240530
5693,20240531
5694,20240603
5695,20240604
5696,20240605
5697,20240606
5698,20240607
5699,20240610
5700,20240611
5701,20240612
5702,20240613
5703,20240614
5704,20240617
5705,20240618
5706,20240619
5707,20240620
5708,20240621
5709,20240624
5710,20240625
5711,20240626
5712,20240627
5713,20240628
5714,20240701
5715,20240702
5716,20240703
5717,20240704
5718,20240705
5719,20240708
5720,20240709
5721,20240710
5722,20240711
5723,20240712
5724,20240715
5725,20240716
5726,20240717
5727,20240718
5728,20240719
5729,20240722
5730,20240723
5731,20240724
5732,20240725
5733,20240726
5734,20240729
5735,20240730
5736,20240731
5737,20240801
5738,20240802
5739,20240805
5740,20240806
5741,20240807
5742,20240808
5743,20240809
5744,20240812
5745,20240813
5746,20240814
5747,20240815
5748,20240816
5749,20240819
5750,20240820
5751,20240821
5752,20240822
5753,20240823
5754,20240826
5755,20240827
5756,20240828
5757,20240829
5758,20240830
5759,20240902
5760,20240903
5761,20240904
5762,20240905
